Year,Week,Age,ILI_Percent 
2024,40,0-4 yr,6.130638264244382
2024,40,5-24 yr,3.1750277101276336
2024,40,25-49 yr,1.4326438352972246
2024,40,50-64 yr,0.9276645684412674
2024,40,65+ yr,0.6873388297329412
2024,41,0-4 yr,6.402127045488337
2024,41,5-24 yr,3.3994244861671516
2024,41,25-49 yr,1.48897878575524
2024,41,50-64 yr,0.9674323027214103
2024,41,65+ yr,0.691220647753726
2024,42,0-4 yr,6.583386680969601
2024,42,5-24 yr,3.538925601281909
2024,42,25-49 yr,1.5902918413161902
2024,42,50-64 yr,1.0039560392210722
2024,42,65+ yr,0.7153169078217056
2024,43,0-4 yr,7.0237394545811265
2024,43,5-24 yr,3.8307337832028328
2024,43,25-49 yr,1.6284853120895264
2024,43,50-64 yr,0.9992715005261386
2024,43,65+ yr,0.7301738178115824
2024,44,0-4 yr,7.502266360673946
2024,44,5-24 yr,3.823285955320931
2024,44,25-49 yr,1.7662605556629922
2024,44,50-64 yr,1.0685203997510864
2024,44,65+ yr,0.7470492412334601
2024,45,0-4 yr,8.128894757569439
2024,45,5-24 yr,4.018048886422315
2024,45,25-49 yr,1.8464572627922125
2024,45,50-64 yr,1.1614053636098247
2024,45,65+ yr,0.8221151267650957
2024,46,0-4 yr,8.773940088394173
2024,46,5-24 yr,4.4012549894370885
2024,46,25-49 yr,2.008021515071432
2024,46,50-64 yr,1.2869206290891606
2024,46,65+ yr,0.8560574879921543
2024,47,0-4 yr,9.296558627697815
2024,47,5-24 yr,4.7683205727354085
2024,47,25-49 yr,2.1521467687400917
2024,47,50-64 yr,1.3813466915694128
2024,47,65+ yr,0.9046928862425572
2024,48,0-4 yr,10.304821197630003
2024,48,5-24 yr,5.17081876998587
2024,48,25-49 yr,2.3268543991100925
2024,48,50-64 yr,1.5737814316035332
2024,48,65+ yr,1.0825822041043383
2024,49,0-4 yr,10.131863718512237
2024,49,5-24 yr,4.986937971775517
2024,49,25-49 yr,2.6938253573745623
2024,49,50-64 yr,1.8538014869484996
2024,49,65+ yr,1.3583133666272145
2024,50,0-4 yr,11.040462011507081
2024,50,5-24 yr,6.052581756680004
2024,50,25-49 yr,2.9093953747994017
2024,50,50-64 yr,2.0152238766036574
2024,50,65+ yr,1.4996996008709662
2024,51,0-4 yr,13.359767484678713
2024,51,5-24 yr,8.162886383553912
2024,51,25-49 yr,3.824251949280559
2024,51,50-64 yr,2.5339306717414
2024,51,65+ yr,1.8038403977757553
2024,52,0-4 yr,16.527447389714606
2024,52,5-24 yr,10.144385299569736
2024,52,25-49 yr,5.503712425996794
2024,52,50-64 yr,4.0561284849464165
2024,52,65+ yr,2.9200924240073807
2025,1,0-4 yr,15.781875877854652
2025,1,5-24 yr,8.014173857043364
2025,1,25-49 yr,5.501167547182375
2025,1,50-64 yr,4.3740713224368495
2025,1,65+ yr,3.366862931402108
2025,2,0-4 yr,13.410664232574295
2025,2,5-24 yr,7.335102184657593
2025,2,25-49 yr,4.853866819445197
2025,2,50-64 yr,3.87719232438631
2025,2,65+ yr,2.6983411208228194
2025,3,0-4 yr,14.44342154537511
2025,3,5-24 yr,9.028094613946301
2025,3,25-49 yr,4.808813684596347
2025,3,50-64 yr,3.6764953228707093
2025,3,65+ yr,2.4740622505985637
2025,4,0-4 yr,16.221472244082573
2025,4,5-24 yr,11.05324634779145
2025,4,25-49 yr,5.867603677273135
2025,4,50-64 yr,4.344989418511574
2025,4,65+ yr,2.757286443208413
2025,5,0-4 yr,16.94991023721501
2025,5,5-24 yr,11.935090972056983
2025,5,25-49 yr,6.53495886760446
2025,5,50-64 yr,4.980491508731835
2025,5,65+ yr,3.298912679250341
2025,6,0-4 yr,18.09462150693511
2025,6,5-24 yr,12.576388645829688
2025,6,25-49 yr,6.587953858346297
2025,6,50-64 yr,5.144047257652744
2025,6,65+ yr,3.601576099227245
2025,7,0-4 yr,16.87024238591251
2025,7,5-24 yr,11.645686348754962
2025,7,25-49 yr,6.248350002148834
2025,7,50-64 yr,5.04560995997573
2025,7,65+ yr,3.729869067258102
2025,8,0-4 yr,15.081149585053758
2025,8,5-24 yr,9.453125436454952
2025,8,25-49 yr,5.516575831164619
2025,8,50-64 yr,4.397999081599105
2025,8,65+ yr,3.337047287960094
2025,9,0-4 yr,12.709262342399626
2025,9,5-24 yr,7.447873890581534
2025,9,25-49 yr,4.4048813488918315
2025,9,50-64 yr,3.5409621691202764
2025,9,65+ yr,2.728731069360233
2025,10,0-4 yr,11.74017094017094
2025,10,5-24 yr,6.951109960101324
2025,10,25-49 yr,3.8046537885132112
2025,10,50-64 yr,2.9540541747322915
2025,10,65+ yr,2.2275546532717327
2025,11,0-4 yr,10.636885404324333
2025,11,5-24 yr,6.347900399696379
2025,11,25-49 yr,3.339605038096719
2025,11,50-64 yr,2.5262372361167316
2025,11,65+ yr,1.8900712501156658
2025,12,0-4 yr,9.330283887533264
2025,12,5-24 yr,5.384456048927797
2025,12,25-49 yr,2.8490130321405593
2025,12,50-64 yr,2.060199642210672
2025,12,65+ yr,1.5702541386688689
2025,13,0-4 yr,8.51681440467216
2025,13,5-24 yr,4.7267424809299445
2025,13,25-49 yr,2.5423876239682817
2025,13,50-64 yr,1.7536830592808763
2025,13,65+ yr,1.3014194351667783
2025,14,0-4 yr,7.640608736226266
2025,14,5-24 yr,4.174577305846312
2025,14,25-49 yr,2.1966168414236575
2025,14,50-64 yr,1.5595728607757464
2025,14,65+ yr,1.1135918420013373
2025,15,0-4 yr,7.532507571498522
2025,15,5-24 yr,3.816871440907064
2025,15,25-49 yr,1.981877226399761
2025,15,50-64 yr,1.3565340320785924
2025,15,65+ yr,0.9917917995798646
2025,16,0-4 yr,7.164934220488291
2025,16,5-24 yr,3.599905131911818
2025,16,25-49 yr,1.897933156934277
2025,16,50-64 yr,1.2345645224854402
2025,16,65+ yr,0.9152089212874625
2025,17,0-4 yr,6.99992006181886
2025,17,5-24 yr,3.3019845515294435
2025,17,25-49 yr,1.8303970713646858
2025,17,50-64 yr,1.205817478513142
2025,17,65+ yr,0.9092404156419597
2025,18,0-4 yr,6.510404982187245
2025,18,5-24 yr,3.0312233239214654
2025,18,25-49 yr,1.6186341567705815
2025,18,50-64 yr,1.089569241334954
2025,18,65+ yr,0.8330769100076832
2025,19,0-4 yr,6.391334408849965
2025,19,5-24 yr,2.9452141999125376
2025,19,25-49 yr,1.5261690295790635
2025,19,50-64 yr,1.0155654995026522
2025,19,65+ yr,0.7681677622512281
2025,20,0-4 yr,6.341116510608036
2025,20,5-24 yr,2.9062671163368745
2025,20,25-49 yr,1.424610534711628
2025,20,50-64 yr,1.0010227251148192
2025,20,65+ yr,0.7191012080900296
2025,21,0-4 yr,6.156511642673778
2025,21,5-24 yr,2.814313678354339
2025,21,25-49 yr,1.3931484140844312
2025,21,50-64 yr,0.9660570888723935
2025,21,65+ yr,0.729349917472736
2025,22,0-4 yr,6.142631205802687
2025,22,5-24 yr,2.664699323751121
2025,22,25-49 yr,1.4202208978163655
2025,22,50-64 yr,0.9962421947842793
2025,22,65+ yr,0.7537106206820708
2025,23,0-4 yr,5.44821063197313
2025,23,5-24 yr,2.216764588042072
2025,23,25-49 yr,1.3170940772345503
2025,23,50-64 yr,0.9319163086705796
2025,23,65+ yr,0.6975181936928532
2025,24,0-4 yr,4.954255476979378
2025,24,5-24 yr,1.8923078872026147
2025,24,25-49 yr,1.1727092628086395
2025,24,50-64 yr,0.8541417869938117
2025,24,65+ yr,0.6406071100765511
2025,25,0-4 yr,4.4819730080403755
2025,25,5-24 yr,1.7267583812988438
2025,25,25-49 yr,1.0945991861631479
2025,25,50-64 yr,0.825415790872743
2025,25,65+ yr,0.6214240063302696
2025,26,0-4 yr,4.20480401947965
2025,26,5-24 yr,1.5816090166616452
2025,26,25-49 yr,0.9980386841643678
2025,26,50-64 yr,0.7595474295172654
2025,26,65+ yr,0.5706837770614718
2025,27,0-4 yr,3.6706780469702593
2025,27,5-24 yr,1.4367576056267437
2025,27,25-49 yr,0.9225997319690163
2025,27,50-64 yr,0.6826451053999423
2025,27,65+ yr,0.5544572590101793
2025,28,0-4 yr,3.628108291606552
2025,28,5-24 yr,1.4262468913294761
2025,28,25-49 yr,0.9215591382544307
2025,28,50-64 yr,0.6682654738487241
2025,28,65+ yr,0.5233942513424478
2025,29,0-4 yr,3.2314391417751636
2025,29,5-24 yr,1.3319579067564586
2025,29,25-49 yr,0.8933852543628087
2025,29,50-64 yr,0.6755153942483271
2025,29,65+ yr,0.5009555298523692
2025,30,0-4 yr,3.3648101346135544
2025,30,5-24 yr,1.3592452901411463
2025,30,25-49 yr,0.915651225937057
2025,30,50-64 yr,0.6191112766122745
2025,30,65+ yr,0.4819882672428021
2025,31,0-4 yr,3.407237293956044
2025,31,5-24 yr,1.3555273285684495
2025,31,25-49 yr,0.9225015715393428
2025,31,50-64 yr,0.6387654923954529
2025,31,65+ yr,0.4941838656373895
2025,32,0-4 yr,3.5003763845574793
2025,32,5-24 yr,1.4594498202671122
2025,32,25-49 yr,0.9872461868503845
2025,32,50-64 yr,0.6849126212521438
2025,32,65+ yr,0.5325981086461337
2025,33,0-4 yr,3.6247077291239007
2025,33,5-24 yr,1.6768591569021054
2025,33,25-49 yr,1.0586140289315147
2025,33,50-64 yr,0.7136477741120255
2025,33,65+ yr,0.5372322205467209
2025,34,0-4 yr,4.351044490164702
2025,34,5-24 yr,2.3067520718253633
2025,34,25-49 yr,1.230479441575177
2025,34,50-64 yr,0.7917882578617635
2025,34,65+ yr,0.5866668841016943
2025,35,0-4 yr,4.868687269409291
2025,35,5-24 yr,2.7142702351284
2025,35,25-49 yr,1.4164772755082562
2025,35,50-64 yr,0.898137821487715
2025,35,65+ yr,0.6473342579097381
2025,36,0-4 yr,5.161741804490528
2025,36,5-24 yr,2.644728001431803
2025,36,25-49 yr,1.4967395296056005
2025,36,50-64 yr,0.9918832807116186
2025,36,65+ yr,0.7173485993141545
2025,37,0-4 yr,5.0890407542275655
2025,37,5-24 yr,2.493719937368344
2025,37,25-49 yr,1.4576805558258568
2025,37,50-64 yr,0.9414240500162843
2025,37,65+ yr,0.6941556197315931
2025,38,0-4 yr,5.135853193611789
2025,38,5-24 yr,2.4444581619425474
2025,38,25-49 yr,1.3851124300601625
2025,38,50-64 yr,0.9171420203344445
2025,38,65+ yr,0.6922742043316698
2023,40,0-4 yr,7.586990821641247
2023,40,5-24 yr,3.4852055220861216
2023,40,25-49 yr,1.645677295477167
2023,40,50-64 yr,1.1490762146181832
2023,40,65+ yr,0.8596608384044544
2023,41,0-4 yr,8.09238437367162
2023,41,5-24 yr,3.574892141778459
2023,41,25-49 yr,1.7604745857162256
2023,41,50-64 yr,1.2010333834145626
2023,41,65+ yr,0.8754244604982652
2023,42,0-4 yr,8.69874632794075
2023,42,5-24 yr,3.9270477635255734
2023,42,25-49 yr,1.8373444749987564
2023,42,50-64 yr,1.3154472954230236
2023,42,65+ yr,1.1048930980054528
2023,43,0-4 yr,9.023542423763628
2023,43,5-24 yr,4.177635028117636
2023,43,25-49 yr,1.9567510641407888
2023,43,50-64 yr,1.3547936733431716
2023,43,65+ yr,1.1940936119781438
2023,44,0-4 yr,9.349798387096774
2023,44,5-24 yr,4.729552017320188
2023,44,25-49 yr,2.196671382358507
2023,44,50-64 yr,1.5015847610886017
2023,44,65+ yr,1.251051774405291
2023,45,0-4 yr,10.418200984851767
2023,45,5-24 yr,5.398759486595146
2023,45,25-49 yr,2.470858501254631
2023,45,50-64 yr,1.6651600787686764
2023,45,65+ yr,1.4115571239523599
2023,46,0-4 yr,10.865194089217429
2023,46,5-24 yr,5.683889487892919
2023,46,25-49 yr,2.7849394108113668
2023,46,50-64 yr,1.8678894967040909
2023,46,65+ yr,1.5218785971202193
2023,47,0-4 yr,11.146282278801927
2023,47,5-24 yr,5.9110443112007
2023,47,25-49 yr,2.928371868133582
2023,47,50-64 yr,2.109805884147491
2023,47,65+ yr,1.6171644179175566
2023,48,0-4 yr,10.987973362488818
2023,48,5-24 yr,5.655545456805744
2023,48,25-49 yr,3.506027113186715
2023,48,50-64 yr,2.4637840700487046
2023,48,65+ yr,1.9267497787862593
2023,49,0-4 yr,11.706010306719806
2023,49,5-24 yr,6.9141923879569385
2023,49,25-49 yr,3.5944498514626977
2023,49,50-64 yr,2.646930187474881
2023,49,65+ yr,1.9486957539410026
2023,50,0-4 yr,12.813869927078407
2023,50,5-24 yr,8.704494396783899
2023,50,25-49 yr,4.336325036403968
2023,50,50-64 yr,3.0686082096007348
2023,50,65+ yr,2.1998571201422528
2023,51,0-4 yr,14.096589990841997
2023,51,5-24 yr,10.301324044838886
2023,51,25-49 yr,5.5279808145059075
2023,51,50-64 yr,3.9881275370569695
2023,51,65+ yr,2.8018357157273104
2023,52,0-4 yr,15.500263881558846
2023,52,5-24 yr,9.825419778275196
2023,52,25-49 yr,6.533641693110311
2023,52,50-64 yr,4.9236502988673685
2023,52,65+ yr,3.630164677293472
2024,1,0-4 yr,13.572028446170323
2024,1,5-24 yr,7.334395600566402
2024,1,25-49 yr,5.765830962365218
2024,1,50-64 yr,4.525434152341347
2024,1,65+ yr,3.297463073138485
2024,2,0-4 yr,11.376753344111563
2024,2,5-24 yr,6.606300296617063
2024,2,25-49 yr,4.567552692731053
2024,2,50-64 yr,3.5713867930046206
2024,2,65+ yr,2.6281125829258825
2024,3,0-4 yr,10.533131258872732
2024,3,5-24 yr,6.423292213288901
2024,3,25-49 yr,3.9933809126306263
2024,3,50-64 yr,2.9865921895562586
2024,3,65+ yr,2.1554818307044603
2024,4,0-4 yr,10.199560721321983
2024,4,5-24 yr,6.586529506137974
2024,4,25-49 yr,3.8910052155027643
2024,4,50-64 yr,2.7393021604994447
2024,4,65+ yr,1.888614386194563
2024,5,0-4 yr,10.250422739350995
2024,5,5-24 yr,6.91724608959502
2024,5,25-49 yr,3.7074999570055205
2024,5,50-64 yr,2.5411826355058755
2024,5,65+ yr,1.7735672385778414
2024,6,0-4 yr,10.430261098615398
2024,6,5-24 yr,7.270587218970693
2024,6,25-49 yr,3.8058225440961873
2024,6,50-64 yr,2.539639881752217
2024,6,65+ yr,1.728573943423565
2024,7,0-4 yr,10.200742722102476
2024,7,5-24 yr,7.238945611678964
2024,7,25-49 yr,3.8369378967002126
2024,7,50-64 yr,2.518370768298876
2024,7,65+ yr,1.7488021350689218
2024,8,0-4 yr,10.372338168269353
2024,8,5-24 yr,7.167486784902331
2024,8,25-49 yr,3.9567118896925075
2024,8,50-64 yr,2.6073217322071662
2024,8,65+ yr,1.8269442417080828
2024,9,0-4 yr,10.171708222587858
2024,9,5-24 yr,6.680523856102598
2024,9,25-49 yr,3.7803737924180276
2024,9,50-64 yr,2.5210916326769492
2024,9,65+ yr,1.7428215292360558
2024,10,0-4 yr,9.840999190076303
2024,10,5-24 yr,6.295874060435754
2024,10,25-49 yr,3.3819853210197346
2024,10,50-64 yr,2.22367343990755
2024,10,65+ yr,1.5576506676290147
2024,11,0-4 yr,9.27441537667262
2024,11,5-24 yr,5.711227536476819
2024,11,25-49 yr,3.06121743698205
2024,11,50-64 yr,1.9373544921815327
2024,11,65+ yr,1.3670439178457656
2024,12,0-4 yr,8.963777103023563
2024,12,5-24 yr,5.128534081416797
2024,12,25-49 yr,2.8175535531400344
2024,12,50-64 yr,1.7975312848941045
2024,12,65+ yr,1.270257833180702
2024,13,0-4 yr,8.629626104337744
2024,13,5-24 yr,4.815523086760856
2024,13,25-49 yr,2.7740219032109668
2024,13,50-64 yr,1.7490026667655503
2024,13,65+ yr,1.2597740100058386
2024,14,0-4 yr,8.466511280179427
2024,14,5-24 yr,4.2400253517865085
2024,14,25-49 yr,2.6010863216505373
2024,14,50-64 yr,1.6843447696662415
2024,14,65+ yr,1.2190209867912387
2024,15,0-4 yr,8.130716429963309
2024,15,5-24 yr,3.9312534503255354
2024,15,25-49 yr,2.306255981088943
2024,15,50-64 yr,1.5398523154094808
2024,15,65+ yr,1.0869369774341455
2024,16,0-4 yr,7.283522479072131
2024,16,5-24 yr,3.535192465631641
2024,16,25-49 yr,1.9834710743801653
2024,16,50-64 yr,1.348282115079915
2024,16,65+ yr,0.9620024594884886
2024,17,0-4 yr,7.113352675867929
2024,17,5-24 yr,3.5524089436585786
2024,17,25-49 yr,1.9005159440310613
2024,17,50-64 yr,1.295675958081072
2024,17,65+ yr,0.9264694797289117
2024,18,0-4 yr,6.9939245784951645
2024,18,5-24 yr,3.3936240663691715
2024,18,25-49 yr,1.800028393253486
2024,18,50-64 yr,1.21842687145046
2024,18,65+ yr,0.8763230494599614
2024,19,0-4 yr,6.6175586011604555
2024,19,5-24 yr,3.2430402893657515
2024,19,25-49 yr,1.7123823769850242
2024,19,50-64 yr,1.182473227742265
2024,19,65+ yr,0.8445923009029805
2024,20,0-4 yr,6.5282620278367185
2024,20,5-24 yr,3.192330850146984
2024,20,25-49 yr,1.6925348473396495
2024,20,50-64 yr,1.162241594641448
2024,20,65+ yr,0.8661469632168162
2024,21,0-4 yr,6.221140588708857
2024,21,5-24 yr,3.0410687218398884
2024,21,25-49 yr,1.6237241550764472
2024,21,50-64 yr,1.1592155055307587
2024,21,65+ yr,0.838528150110139
2024,22,0-4 yr,6.171094868651324
2024,22,5-24 yr,2.9348863432349264
2024,22,25-49 yr,1.5452998390794777
2024,22,50-64 yr,1.133734091252075
2024,22,65+ yr,0.8776520887561439
2024,23,0-4 yr,5.485018280082658
2024,23,5-24 yr,2.5206703910614525
2024,23,25-49 yr,1.476337849904207
2024,23,50-64 yr,1.054920398445063
2024,23,65+ yr,0.8149733331854924
2024,24,0-4 yr,5.096817504772694
2024,24,5-24 yr,2.290114224451709
2024,24,25-49 yr,1.3702315782809853
2024,24,50-64 yr,1.02119607514001
2024,24,65+ yr,0.7835809988915196
2024,25,0-4 yr,4.8076716795743675
2024,25,5-24 yr,2.106416987080507
2024,25,25-49 yr,1.3844174269374363
2024,25,50-64 yr,0.9847619106290832
2024,25,65+ yr,0.7844995047294372
2024,26,0-4 yr,4.429699293029115
2024,26,5-24 yr,2.053372272943446
2024,26,25-49 yr,1.3310175203783492
2024,26,50-64 yr,1.0374961151026527
2024,26,65+ yr,0.8022278371937509
2024,27,0-4 yr,4.35077121250819
2024,27,5-24 yr,2.0143058528690023
2024,27,25-49 yr,1.2765748156999757
2024,27,50-64 yr,0.9750899246041397
2024,27,65+ yr,0.8287427259053944
2024,28,0-4 yr,4.4051257305238325
2024,28,5-24 yr,1.9872528084972636
2024,28,25-49 yr,1.3415934120182806
2024,28,50-64 yr,1.0118648651826765
2024,28,65+ yr,0.772513983093467
2024,29,0-4 yr,4.260541772595775
2024,29,5-24 yr,1.983315491006473
2024,29,25-49 yr,1.3161706812457181
2024,29,50-64 yr,1.0144692017863806
2024,29,65+ yr,0.8164037714425656
2024,30,0-4 yr,4.619813868368782
2024,30,5-24 yr,2.0434352737221335
2024,30,25-49 yr,1.3488779454260347
2024,30,50-64 yr,1.0249887085326623
2024,30,65+ yr,0.825507335949447
2024,31,0-4 yr,4.484369306198169
2024,31,5-24 yr,2.059072009541637
2024,31,25-49 yr,1.3637787697777346
2024,31,50-64 yr,0.9987381451654995
2024,31,65+ yr,0.8031330318949513
2024,32,0-4 yr,4.645506777486473
2024,32,5-24 yr,2.0737281660826725
2024,32,25-49 yr,1.368102150697045
2024,32,50-64 yr,0.9808761348758344
2024,32,65+ yr,0.7984449420831865
2024,33,0-4 yr,4.723945138464226
2024,33,5-24 yr,2.2665574501071766
2024,33,25-49 yr,1.3514003741701663
2024,33,50-64 yr,0.948325211033405
2024,33,65+ yr,0.7700743050235734
2024,34,0-4 yr,5.463722923858292
2024,34,5-24 yr,2.8047938004986035
2024,34,25-49 yr,1.4628259359038436
2024,34,50-64 yr,0.9967308212275398
2024,34,65+ yr,0.771508938955454
2024,35,0-4 yr,5.880113795728653
2024,35,5-24 yr,3.1736514746244677
2024,35,25-49 yr,1.5153265590810099
2024,35,50-64 yr,1.0137463887774079
2024,35,65+ yr,0.7932013867595351
2024,36,0-4 yr,5.989680773548121
2024,36,5-24 yr,3.1700305319455717
2024,36,25-49 yr,1.582244331500001
2024,36,50-64 yr,1.1060772251100832
2024,36,65+ yr,0.8027663708984452
2024,37,0-4 yr,6.089957139589694
2024,37,5-24 yr,3.052628007960919
2024,37,25-49 yr,1.557352086159639
2024,37,50-64 yr,1.025244576971571
2024,37,65+ yr,0.7984802827464488
2024,38,0-4 yr,6.297587910491136
2024,38,5-24 yr,3.171368528306693
2024,38,25-49 yr,1.5115945297603182
2024,38,50-64 yr,1.0534841112877198
2024,38,65+ yr,0.7842831874158703
2024,39,0-4 yr,6.295701280366097
2024,39,5-24 yr,3.147032394820515
2024,39,25-49 yr,1.5325863808761613
2024,39,50-64 yr,1.0435922689044301
2024,39,65+ yr,0.7549121226286207
2022,40,0-4 yr,9.83907566731079
2022,40,5-24 yr,3.90418881509689
2022,40,25-49 yr,1.4420763546125221
2022,40,50-64 yr,0.9436965456744884
2022,40,65+ yr,0.6958934638452211
2022,41,0-4 yr,10.50290562617577
2022,41,5-24 yr,4.414441652022196
2022,41,25-49 yr,1.6099288884685836
2022,41,50-64 yr,1.0308774672659762
2022,41,65+ yr,0.7811130587204207
2022,42,0-4 yr,11.459050490263575
2022,42,5-24 yr,5.359727829661436
2022,42,25-49 yr,1.8971605012764947
2022,42,50-64 yr,1.2630401598232939
2022,42,65+ yr,0.8592237282168632
2022,43,0-4 yr,13.66988124051617
2022,43,5-24 yr,7.727282493098003
2022,43,25-49 yr,2.5755794764300894
2022,43,50-64 yr,1.5890984217925954
2022,43,65+ yr,1.0563874773092548
2022,44,0-4 yr,15.267831227527708
2022,44,5-24 yr,9.873799507897452
2022,44,25-49 yr,3.3637221593053983
2022,44,50-64 yr,1.8987654077312517
2022,44,65+ yr,1.266536644970275
2022,45,0-4 yr,15.76071292020823
2022,45,5-24 yr,9.824382861707765
2022,45,25-49 yr,3.590493015518103
2022,45,50-64 yr,2.1948063949727383
2022,45,65+ yr,1.444157054396141
2022,46,0-4 yr,15.31821620468256
2022,46,5-24 yr,9.935322692574601
2022,46,25-49 yr,3.9625530373997306
2022,46,50-64 yr,2.430501154624287
2022,46,65+ yr,1.6569360080810462
2022,47,0-4 yr,17.41572680324827
2022,47,5-24 yr,12.714454626071534
2022,47,25-49 yr,5.2935125623910535
2022,47,50-64 yr,3.575809004948871
2022,47,65+ yr,2.5130772842930624
2022,48,0-4 yr,17.03360075447171
2022,48,5-24 yr,11.098989327792285
2022,48,25-49 yr,6.055659217728885
2022,48,50-64 yr,4.136417771732273
2022,48,65+ yr,3.0030008228062535
2022,49,0-4 yr,15.957946586185297
2022,49,5-24 yr,11.374378092628014
2022,49,25-49 yr,5.406104645211005
2022,49,50-64 yr,3.8277435771679347
2022,49,65+ yr,2.7996597043242146
2022,50,0-4 yr,15.207418399861394
2022,50,5-24 yr,10.940023284635895
2022,50,25-49 yr,5.15615183045497
2022,50,50-64 yr,3.6148092793979796
2022,50,65+ yr,2.6293381499161397
2022,51,0-4 yr,14.603773890639811
2022,51,5-24 yr,9.997428115837662
2022,51,25-49 yr,5.173481259868694
2022,51,50-64 yr,3.7729032440875714
2022,51,65+ yr,2.824612822287593
2022,52,0-4 yr,13.806883332477623
2022,52,5-24 yr,7.6440374278319725
2022,52,25-49 yr,4.868883880615877
2022,52,50-64 yr,3.828169429407924
2022,52,65+ yr,3.0879272870974117
2023,1,0-4 yr,10.827574148545557
2023,1,5-24 yr,5.160145487386272
2023,1,25-49 yr,3.709915420659253
2023,1,50-64 yr,3.1539060570951016
2023,1,65+ yr,2.5111334081327015
2023,2,0-4 yr,8.32155099632798
2023,2,5-24 yr,4.086770922554085
2023,2,25-49 yr,2.718544112115466
2023,2,50-64 yr,2.189281867975765
2023,2,65+ yr,1.6355273018580252
2023,3,0-4 yr,7.88040576615056
2023,3,5-24 yr,3.903502184717803
2023,3,25-49 yr,2.2663920012058485
2023,3,50-64 yr,1.7679837366275666
2023,3,65+ yr,1.2660048913825348
2023,4,0-4 yr,7.869296210363496
2023,4,5-24 yr,3.992586428123829
2023,4,25-49 yr,2.211933542554165
2023,4,50-64 yr,1.5840843393980615
2023,4,65+ yr,1.0600251658720725
2023,5,0-4 yr,8.048415739788766
2023,5,5-24 yr,4.150716395056327
2023,5,25-49 yr,2.2053753299146384
2023,5,50-64 yr,1.523676381466586
2023,5,65+ yr,1.04768416575591
2023,6,0-4 yr,8.058866629733545
2023,6,5-24 yr,4.158101117458993
2023,6,25-49 yr,2.167884809635556
2023,6,50-64 yr,1.5205009328327515
2023,6,65+ yr,1.083304994796014
2023,7,0-4 yr,7.9962857806110605
2023,7,5-24 yr,4.046264540037466
2023,7,25-49 yr,2.107503313775466
2023,7,50-64 yr,1.5031078173559647
2023,7,65+ yr,1.0513551549898474
2023,8,0-4 yr,8.161790623898485
2023,8,5-24 yr,3.9390129696860847
2023,8,25-49 yr,2.011024647146394
2023,8,50-64 yr,1.4991313317769694
2023,8,65+ yr,1.077516585906318
2023,9,0-4 yr,7.696715547104941
2023,9,5-24 yr,3.8120196641482433
2023,9,25-49 yr,1.9700292047685164
2023,9,50-64 yr,1.413932667357732
2023,9,65+ yr,0.9768342648151911
2023,10,0-4 yr,7.8073910894094585
2023,10,5-24 yr,3.7785478173062463
2023,10,25-49 yr,1.890444952494744
2023,10,50-64 yr,1.2749542539687773
2023,10,65+ yr,0.8904458402135835
2023,11,0-4 yr,7.915865954142206
2023,11,5-24 yr,3.815193881419047
2023,11,25-49 yr,1.8618914944663725
2023,11,50-64 yr,1.295628472233892
2023,11,65+ yr,0.9174311926605505
2023,12,0-4 yr,7.422846825258148
2023,12,5-24 yr,3.6827317252921037
2023,12,25-49 yr,1.8796729126788936
2023,12,50-64 yr,1.2850217730671267
2023,12,65+ yr,0.8853360183271166
2023,13,0-4 yr,7.36250374469135
2023,13,5-24 yr,3.549697927545742
2023,13,25-49 yr,1.814254282090852
2023,13,50-64 yr,1.2161556466740815
2023,13,65+ yr,0.8903196987084203
2023,14,0-4 yr,7.289325072646527
2023,14,5-24 yr,3.376744733127712
2023,14,25-49 yr,1.6997587311632323
2023,14,50-64 yr,1.1698135035540145
2023,14,65+ yr,0.8395686417569267
2023,15,0-4 yr,6.890175269335906
2023,15,5-24 yr,3.164131001469264
2023,15,25-49 yr,1.6600405491334507
2023,15,50-64 yr,1.1024720497715716
2023,15,65+ yr,0.8007937070370633
2023,16,0-4 yr,6.394044555951323
2023,16,5-24 yr,3.058462011216102
2023,16,25-49 yr,1.5732760677642568
2023,16,50-64 yr,1.0562527412819052
2023,16,65+ yr,0.7654753645060494
2023,17,0-4 yr,6.444613415923295
2023,17,5-24 yr,3.215404571932057
2023,17,25-49 yr,1.5266545159128142
2023,17,50-64 yr,0.9929669011032966
2023,17,65+ yr,0.6979370069767803
2023,18,0-4 yr,6.533966329195981
2023,18,5-24 yr,3.300099761917877
2023,18,25-49 yr,1.532233591186794
2023,18,50-64 yr,1.0011451114332426
2023,18,65+ yr,0.7086115134099129
2023,19,0-4 yr,6.259478453856112
2023,19,5-24 yr,3.2881645883041464
2023,19,25-49 yr,1.4920799458250893
2023,19,50-64 yr,0.9271505833977188
2023,19,65+ yr,0.6682559598494354
2023,20,0-4 yr,6.2602255248694565
2023,20,5-24 yr,3.2479916777437436
2023,20,25-49 yr,1.4793681720130818
2023,20,50-64 yr,0.9406930482165312
2023,20,65+ yr,0.6569217630394935
2023,21,0-4 yr,5.891384702871766
2023,21,5-24 yr,3.2020034882160906
2023,21,25-49 yr,1.4366504189501863
2023,21,50-64 yr,0.8927644902672938
2023,21,65+ yr,0.6618787153340707
2023,22,0-4 yr,6.130396830725845
2023,22,5-24 yr,3.200619560899565
2023,22,25-49 yr,1.4547857849568542
2023,22,50-64 yr,0.9677208954250386
2023,22,65+ yr,0.6909028525086168
2023,23,0-4 yr,5.609802412624804
2023,23,5-24 yr,2.681771481467667
2023,23,25-49 yr,1.3642346208869813
2023,23,50-64 yr,0.8827463809385058
2023,23,65+ yr,0.6456357871056074
2023,24,0-4 yr,5.241469574731331
2023,24,5-24 yr,2.404598636972985
2023,24,25-49 yr,1.2779827727692687
2023,24,50-64 yr,0.8273012725169393
2023,24,65+ yr,0.5981070952169218
2023,25,0-4 yr,4.834885690093142
2023,25,5-24 yr,2.165191846738876
2023,25,25-49 yr,1.2260614433362091
2023,25,50-64 yr,0.7854163675160873
2023,25,65+ yr,0.5645688781726539
2023,26,0-4 yr,4.455636519502786
2023,26,5-24 yr,1.8967822636300897
2023,26,25-49 yr,1.1272898074213247
2023,26,50-64 yr,0.7380751655748622
2023,26,65+ yr,0.5457204162751316
2023,27,0-4 yr,4.161483161406097
2023,27,5-24 yr,1.8762207344378117
2023,27,25-49 yr,1.0730063984281397
2023,27,50-64 yr,0.7232097580565567
2023,27,65+ yr,0.5590634043672718
2023,28,0-4 yr,3.995870933368852
2023,28,5-24 yr,1.7173145886017174
2023,28,25-49 yr,1.0361680225676115
2023,28,50-64 yr,0.6935832967176032
2023,28,65+ yr,0.5181543882386295
2023,29,0-4 yr,4.133641567591369
2023,29,5-24 yr,1.6691903573688214
2023,29,25-49 yr,1.011173457307471
2023,29,50-64 yr,0.6968290545584369
2023,29,65+ yr,0.534580603663308
2023,30,0-4 yr,4.186444634658781
2023,30,5-24 yr,1.708020036797941
2023,30,25-49 yr,1.0047696430017306
2023,30,50-64 yr,0.747999764099943
2023,30,65+ yr,0.5600543761885245
2023,31,0-4 yr,4.175459076011314
2023,31,5-24 yr,1.6488385116503272
2023,31,25-49 yr,1.0707249029703425
2023,31,50-64 yr,0.7742773411482616
2023,31,65+ yr,0.5569812950972275
2023,32,0-4 yr,4.373759696915028
2023,32,5-24 yr,1.807968310865942
2023,32,25-49 yr,1.1354404755367116
2023,32,50-64 yr,0.8182320981227836
2023,32,65+ yr,0.6154854319991935
2023,33,0-4 yr,4.690032303231425
2023,33,5-24 yr,2.1310864816436648
2023,33,25-49 yr,1.252095656550748
2023,33,50-64 yr,0.8478411632745423
2023,33,65+ yr,0.672307987827687
2023,34,0-4 yr,5.764174198849631
2023,34,5-24 yr,2.8982728544263017
2023,34,25-49 yr,1.471136527628096
2023,34,50-64 yr,0.9716035006112844
2023,34,65+ yr,0.7334581379586633
2023,35,0-4 yr,6.16751627007314
2023,35,5-24 yr,3.1101582388744666
2023,35,25-49 yr,1.576058016823666
2023,35,50-64 yr,1.0840501060340626
2023,35,65+ yr,0.7896106246747664
2023,36,0-4 yr,6.474834274490547
2023,36,5-24 yr,3.1266986880962295
2023,36,25-49 yr,1.6144832811627035
2023,36,50-64 yr,1.0941936174268392
2023,36,65+ yr,0.867242266919036
2023,37,0-4 yr,6.278088644566169
2023,37,5-24 yr,3.0050820121116217
2023,37,25-49 yr,1.571449385327715
2023,37,50-64 yr,1.0832597318709711
2023,37,65+ yr,0.8098670413128907
2023,38,0-4 yr,6.837704294944888
2023,38,5-24 yr,3.1720186944067543
2023,38,25-49 yr,1.5962268562437596
2023,38,50-64 yr,1.0925857863610544
2023,38,65+ yr,0.8423691117628628
2023,39,0-4 yr,7.0632388815912925
2023,39,5-24 yr,3.260372587707858
2023,39,25-49 yr,1.6281184456649833
2023,39,50-64 yr,1.1526863481550287
2023,39,65+ yr,0.8312520110935753
2021,40,0-4 yr,8.560383256571038
2021,40,5-24 yr,2.9696597615558282
2021,40,25-49 yr,1.2120104485196446
2021,40,50-64 yr,0.9246467437407596
2021,40,65+ yr,0.6399111620078775
2021,41,0-4 yr,8.557015747738356
2021,41,5-24 yr,2.816710218210201
2021,41,25-49 yr,1.120525040878247
2021,41,50-64 yr,0.8367313651932801
2021,41,65+ yr,0.6043140638481449
2021,42,0-4 yr,8.401641304243862
2021,42,5-24 yr,2.699322967670121
2021,42,25-49 yr,1.0701712654614652
2021,42,50-64 yr,0.8788089915495847
2021,42,65+ yr,0.5813265434201796
2021,43,0-4 yr,8.342294996119211
2021,43,5-24 yr,2.8176556175203364
2021,43,25-49 yr,1.128111942337831
2021,43,50-64 yr,0.8343365786747095
2021,43,65+ yr,0.5778899714184382
2021,44,0-4 yr,8.727723244067473
2021,44,5-24 yr,3.2227096267851385
2021,44,25-49 yr,1.1756134395800313
2021,44,50-64 yr,0.8839597239898531
2021,44,65+ yr,0.597588840225692
2021,45,0-4 yr,8.983993622528955
2021,45,5-24 yr,3.363006247049244
2021,45,25-49 yr,1.286328484882325
2021,45,50-64 yr,0.9503106624689754
2021,45,65+ yr,0.674973498079697
2021,46,0-4 yr,9.14282139729406
2021,46,5-24 yr,3.49872730126451
2021,46,25-49 yr,1.3982238530766873
2021,46,50-64 yr,1.0459625599462685
2021,46,65+ yr,0.6724017574836776
2021,47,0-4 yr,9.512367361537827
2021,47,5-24 yr,3.7209493644852123
2021,47,25-49 yr,1.4506830039722565
2021,47,50-64 yr,1.2087419592955815
2021,47,65+ yr,0.7837861757677671
2021,48,0-4 yr,9.25985404064736
2021,48,5-24 yr,3.7658386341722685
2021,48,25-49 yr,1.7777719061836694
2021,48,50-64 yr,1.376233714962495
2021,48,65+ yr,0.9408439856801131
2021,49,0-4 yr,9.50514453699167
2021,49,5-24 yr,4.296156518658801
2021,49,25-49 yr,1.8042176691216432
2021,49,50-64 yr,1.3447598131659146
2021,49,65+ yr,0.9176288416871444
2021,50,0-4 yr,9.958053616877876
2021,50,5-24 yr,5.126889078984887
2021,50,25-49 yr,2.0770713753669545
2021,50,50-64 yr,1.4438714795715986
2021,50,65+ yr,0.927040814615315
2021,51,0-4 yr,10.976982900835319
2021,51,5-24 yr,6.201690515614493
2021,51,25-49 yr,3.367279253970112
2021,51,50-64 yr,2.214345729971367
2021,51,65+ yr,1.3129339898585721
2021,52,0-4 yr,12.386965068803871
2021,52,5-24 yr,6.513913073817159
2021,52,25-49 yr,4.772951342573798
2021,52,50-64 yr,3.3444769271656574
2021,52,65+ yr,1.9971094052094096
2022,1,0-4 yr,10.46752135228144
2022,1,5-24 yr,5.440569625374221
2022,1,25-49 yr,4.144655065257925
2022,1,50-64 yr,3.0275813167033325
2022,1,65+ yr,1.8397043916157092
2022,2,0-4 yr,8.801861186506398
2022,2,5-24 yr,4.775580419978105
2022,2,25-49 yr,3.1248761749046414
2022,2,50-64 yr,2.3162520265232946
2022,2,65+ yr,1.454904474756859
2022,3,0-4 yr,7.88907793373978
2022,3,5-24 yr,3.693550594509856
2022,3,25-49 yr,2.416962404347344
2022,3,50-64 yr,1.768336102539758
2022,3,65+ yr,1.1318370668608386
2022,4,0-4 yr,6.635224607730082
2022,4,5-24 yr,2.581324049054251
2022,4,25-49 yr,1.6623281502083478
2022,4,50-64 yr,1.3295915625123906
2022,4,65+ yr,0.8455842118702805
2022,5,0-4 yr,5.784527358528401
2022,5,5-24 yr,2.3055314690367803
2022,5,25-49 yr,1.131235964488845
2022,5,50-64 yr,0.9322958129518253
2022,5,65+ yr,0.6727251708848723
2022,6,0-4 yr,5.631147646100773
2022,6,5-24 yr,1.993222957964704
2022,6,25-49 yr,0.8485460748081063
2022,6,50-64 yr,0.6665642084001142
2022,6,65+ yr,0.4887765048241958
2022,7,0-4 yr,5.594306720708832
2022,7,5-24 yr,2.1888353203523065
2022,7,25-49 yr,0.774735668551461
2022,7,50-64 yr,0.5946459559167941
2022,7,65+ yr,0.41420353391088305
2022,8,0-4 yr,5.789394238472882
2022,8,5-24 yr,2.262677817924552
2022,8,25-49 yr,0.7962523195909734
2022,8,50-64 yr,0.5422029843945779
2022,8,65+ yr,0.426872426021615
2022,9,0-4 yr,5.640159178319735
2022,9,5-24 yr,2.432438796574649
2022,9,25-49 yr,0.8139253157273085
2022,9,50-64 yr,0.5187833054915219
2022,9,65+ yr,0.37182465977867074
2022,10,0-4 yr,6.058238712370108
2022,10,5-24 yr,2.7114623895172754
2022,10,25-49 yr,0.8453356302958674
2022,10,50-64 yr,0.532274717840994
2022,10,65+ yr,0.41905730263635704
2022,11,0-4 yr,6.4002944544413545
2022,11,5-24 yr,2.979751712490151
2022,11,25-49 yr,0.9453597619093933
2022,11,50-64 yr,0.6016976469324165
2022,11,65+ yr,0.4659758477215708
2022,12,0-4 yr,6.672539773021713
2022,12,5-24 yr,3.018235797802132
2022,12,25-49 yr,0.9580393254630926
2022,12,50-64 yr,0.6667553956525659
2022,12,65+ yr,0.5037246258769738
2022,13,0-4 yr,6.75592131267166
2022,13,5-24 yr,3.2142515999617918
2022,13,25-49 yr,1.0858726292979461
2022,13,50-64 yr,0.6999231473963466
2022,13,65+ yr,0.5902555323327697
2022,14,0-4 yr,7.447644630154703
2022,14,5-24 yr,3.6075593142065463
2022,14,25-49 yr,1.1794110018627242
2022,14,50-64 yr,0.7239320943228483
2022,14,65+ yr,0.6157741381742124
2022,15,0-4 yr,7.768103099535744
2022,15,5-24 yr,3.9615313882668572
2022,15,25-49 yr,1.2713517986524798
2022,15,50-64 yr,0.81895881242564
2022,15,65+ yr,0.666840252533621
2022,16,0-4 yr,8.167680074836296
2022,16,5-24 yr,3.9310743443392817
2022,16,25-49 yr,1.3586561246275486
2022,16,50-64 yr,0.9216414759773706
2022,16,65+ yr,0.7508460595856769
2022,17,0-4 yr,8.343997208003723
2022,17,5-24 yr,3.8663489446595687
2022,17,25-49 yr,1.3804406954482193
2022,17,50-64 yr,0.9604216732623505
2022,17,65+ yr,0.7657906434796665
2022,18,0-4 yr,8.876431412007092
2022,18,5-24 yr,4.522497080946045
2022,18,25-49 yr,1.5110731421778347
2022,18,50-64 yr,1.0552060923837023
2022,18,65+ yr,0.7777986420643784
2022,19,0-4 yr,9.36936280315592
2022,19,5-24 yr,4.865438642900913
2022,19,25-49 yr,1.674555561670978
2022,19,50-64 yr,1.1237603785812984
2022,19,65+ yr,0.8809130057472205
2022,20,0-4 yr,9.381718118496861
2022,20,5-24 yr,4.976348944527524
2022,20,25-49 yr,1.6288237893210589
2022,20,50-64 yr,1.1016942605282878
2022,20,65+ yr,0.8701715329151841
2022,21,0-4 yr,9.656474488856142
2022,21,5-24 yr,5.340602831386884
2022,21,25-49 yr,1.7190605239385728
2022,21,50-64 yr,1.1975344640456174
2022,21,65+ yr,0.8732355744747529
2022,22,0-4 yr,10.169506138777763
2022,22,5-24 yr,4.764480283213689
2022,22,25-49 yr,1.7774917176027667
2022,22,50-64 yr,1.1838837526910921
2022,22,65+ yr,0.9298766937153161
2022,23,0-4 yr,9.269992597006302
2022,23,5-24 yr,3.75679217135328
2022,23,25-49 yr,1.5681130827850105
2022,23,50-64 yr,1.1518615145687938
2022,23,65+ yr,0.8966264665482087
2022,24,0-4 yr,8.783591030980773
2022,24,5-24 yr,3.0852263879340796
2022,24,25-49 yr,1.449572993155219
2022,24,50-64 yr,1.0345792866418357
2022,24,65+ yr,0.8347092566225846
2022,25,0-4 yr,7.9418709565951895
2022,25,5-24 yr,2.678958660367148
2022,25,25-49 yr,1.3698363337726331
2022,25,50-64 yr,1.039645881447267
2022,25,65+ yr,0.824311562251784
2022,26,0-4 yr,7.45763706231483
2022,26,5-24 yr,2.3144773716766904
2022,26,25-49 yr,1.287517930860791
2022,26,50-64 yr,0.9724706431293257
2022,26,65+ yr,0.7983715088754634
2022,27,0-4 yr,7.2473937449879715
2022,27,5-24 yr,2.2990586531498916
2022,27,25-49 yr,1.2638132761287786
2022,27,50-64 yr,0.9867770355604925
2022,27,65+ yr,0.8103134155649112
2022,28,0-4 yr,6.5405290919910035
2022,28,5-24 yr,2.146663205948364
2022,28,25-49 yr,1.2481838734305177
2022,28,50-64 yr,0.9715802411419179
2022,28,65+ yr,0.7555543329757287
2022,29,0-4 yr,6.395662302519812
2022,29,5-24 yr,2.1266082593739903
2022,29,25-49 yr,1.2375631861872252
2022,29,50-64 yr,0.9315492479287373
2022,29,65+ yr,0.7550636108942268
2022,30,0-4 yr,6.386568453973087
2022,30,5-24 yr,2.0645122057823064
2022,30,25-49 yr,1.2203401409924124
2022,30,50-64 yr,0.943891128955057
2022,30,65+ yr,0.7762572774119757
2022,31,0-4 yr,6.15022245485475
2022,31,5-24 yr,1.9426537383142255
2022,31,25-49 yr,1.1015497218613926
2022,31,50-64 yr,0.8424364781970154
2022,31,65+ yr,0.6898734970725041
2022,32,0-4 yr,5.884845192829983
2022,32,5-24 yr,1.986443888880262
2022,32,25-49 yr,1.0593684933953371
2022,32,50-64 yr,0.8022220340964521
2022,32,65+ yr,0.6544989461457646
2022,33,0-4 yr,6.324993878050772
2022,33,5-24 yr,2.4039278496252563
2022,33,25-49 yr,0.9912333463323926
2022,33,50-64 yr,0.7667147328808075
2022,33,65+ yr,0.569890371752602
2022,34,0-4 yr,7.036300827913619
2022,34,5-24 yr,2.897654052169395
2022,34,25-49 yr,1.101613265113087
2022,34,50-64 yr,0.7490401697301494
2022,34,65+ yr,0.5724692592285993
2022,35,0-4 yr,7.241698685911838
2022,35,5-24 yr,3.054087735970038
2022,35,25-49 yr,1.0617055366090031
2022,35,50-64 yr,0.7382896030717843
2022,35,65+ yr,0.5586382840530472
2022,36,0-4 yr,7.781199122248177
2022,36,5-24 yr,3.0730631339046526
2022,36,25-49 yr,1.101426773981818
2022,36,50-64 yr,0.7509230420969643
2022,36,65+ yr,0.6002111389914824
2022,37,0-4 yr,8.076184212803517
2022,37,5-24 yr,3.1598322936905614
2022,37,25-49 yr,1.0569834846330526
2022,37,50-64 yr,0.7169695724162534
2022,37,65+ yr,0.5420062656798013
2022,38,0-4 yr,8.969175110907395
2022,38,5-24 yr,3.4695441394948783
2022,38,25-49 yr,1.0760708366047282
2022,38,50-64 yr,0.7411550832051461
2022,38,65+ yr,0.559173779510653
2022,39,0-4 yr,9.478512795750845
2022,39,5-24 yr,3.583089596869704
2022,39,25-49 yr,1.0826923251157439
2022,39,50-64 yr,0.7908011454634774
2022,39,65+ yr,0.58741862832814
2020,40,0-4 yr,2.9943843860323036
2020,40,5-24 yr,1.5336087701134968
2020,40,25-49 yr,0.9928067602486207
2020,40,50-64 yr,0.8384841422636539
2020,40,65+ yr,0.5643949186929526
2020,41,0-4 yr,3.090327039906872
2020,41,5-24 yr,1.6530570655393526
2020,41,25-49 yr,1.0876896910188891
2020,41,50-64 yr,0.9761248369541847
2020,41,65+ yr,0.6812597255770683
2020,42,0-4 yr,2.8753873603155227
2020,42,5-24 yr,1.524453468240151
2020,42,25-49 yr,1.0752029162380954
2020,42,50-64 yr,0.8601001020457748
2020,42,65+ yr,0.6232157587641066
2020,43,0-4 yr,3.0835336652217533
2020,43,5-24 yr,1.556041468864785
2020,43,25-49 yr,1.0952662534449806
2020,43,50-64 yr,0.9557348891213189
2020,43,65+ yr,0.6382705479452054
2020,44,0-4 yr,3.1992134321585235
2020,44,5-24 yr,1.6191145606462598
2020,44,25-49 yr,1.1417774044023115
2020,44,50-64 yr,0.9384933403537511
2020,44,65+ yr,0.7012995931260623
2020,45,0-4 yr,3.20564368740405
2020,45,5-24 yr,1.7890923536756083
2020,45,25-49 yr,1.2782334285886097
2020,45,50-64 yr,1.0880472490610396
2020,45,65+ yr,0.7390150124294643
2020,46,0-4 yr,3.3430574933410644
2020,46,5-24 yr,1.6699410609037328
2020,46,25-49 yr,1.3346072388098795
2020,46,50-64 yr,1.1807011743606233
2020,46,65+ yr,0.8507141747541064
2020,47,0-4 yr,3.268308750869231
2020,47,5-24 yr,1.6665373649605306
2020,47,25-49 yr,1.4087439813469957
2020,47,50-64 yr,1.2845978812294838
2020,47,65+ yr,0.8756794244580272
2020,48,0-4 yr,3.3848403414479926
2020,48,5-24 yr,1.7412548584119933
2020,48,25-49 yr,1.4027528226969233
2020,48,50-64 yr,1.4206315456352543
2020,48,65+ yr,1.0149987621966314
2020,49,0-4 yr,3.3266129032258065
2020,49,5-24 yr,1.681699644770465
2020,49,25-49 yr,1.4469729611135929
2020,49,50-64 yr,1.3382047630691924
2020,49,65+ yr,0.9214915888318727
2020,50,0-4 yr,3.2479066226845976
2020,50,5-24 yr,1.5440621347977619
2020,50,25-49 yr,1.3698486150417943
2020,50,50-64 yr,1.3000870468649088
2020,50,65+ yr,0.9506058538803885
2020,51,0-4 yr,3.2084109248913717
2020,51,5-24 yr,1.5175496759566232
2020,51,25-49 yr,1.328296075270111
2020,51,50-64 yr,1.287269330486503
2020,51,65+ yr,0.9159085320875338
2020,52,0-4 yr,3.1571779368977118
2020,52,5-24 yr,1.4606092689734829
2020,52,25-49 yr,1.3734530732087764
2020,52,50-64 yr,1.396129096872731
2020,52,65+ yr,1.0524366791646151
2020,53,0-4 yr,3.4877790419396604
2020,53,5-24 yr,1.5537590677445594
2020,53,25-49 yr,1.4593571393039384
2020,53,50-64 yr,1.545366687729993
2020,53,65+ yr,1.1036435520912518
2021,1,0-4 yr,2.892246642246642
2021,1,5-24 yr,1.576972621506124
2021,1,25-49 yr,1.4017688747724524
2021,1,50-64 yr,1.3724926929583374
2021,1,65+ yr,0.9737788916292468
2021,2,0-4 yr,3.063487123628725
2021,2,5-24 yr,1.3615892373107956
2021,2,25-49 yr,1.1714052051763122
2021,2,50-64 yr,1.1658575742517487
2021,2,65+ yr,0.8237903408319377
2021,3,0-4 yr,3.1864553158567084
2021,3,5-24 yr,1.372350437842704
2021,3,25-49 yr,1.1011985124863988
2021,3,50-64 yr,1.0830515892291193
2021,3,65+ yr,0.7430638315666228
2021,4,0-4 yr,3.2947690728076124
2021,4,5-24 yr,1.3556810342625003
2021,4,25-49 yr,0.9863999259859918
2021,4,50-64 yr,0.9539426848846971
2021,4,65+ yr,0.6551165677906032
2021,5,0-4 yr,3.3446858919779365
2021,5,5-24 yr,1.3205325698518162
2021,5,25-49 yr,0.9080753846708227
2021,5,50-64 yr,0.8063554522148692
2021,5,65+ yr,0.5818900683312562
2021,6,0-4 yr,3.3951132632047645
2021,6,5-24 yr,1.3045268149763956
2021,6,25-49 yr,0.8118871676247885
2021,6,50-64 yr,0.7334701252564848
2021,6,65+ yr,0.48184182387031194
2021,7,0-4 yr,3.215384909483665
2021,7,5-24 yr,1.203883495145631
2021,7,25-49 yr,0.7509518183011684
2021,7,50-64 yr,0.6928906531937928
2021,7,65+ yr,0.46010206552642674
2021,8,0-4 yr,3.114198692720988
2021,8,5-24 yr,1.1261172965344206
2021,8,25-49 yr,0.7033639962208905
2021,8,50-64 yr,0.5892132989821823
2021,8,65+ yr,0.3921344133726422
2021,9,0-4 yr,3.2371243214616707
2021,9,5-24 yr,1.140208665001631
2021,9,25-49 yr,0.6649663455550682
2021,9,50-64 yr,0.5974493508483015
2021,9,65+ yr,0.368413081120467
2021,10,0-4 yr,3.6209068010075565
2021,10,5-24 yr,1.2237262965501485
2021,10,25-49 yr,0.707796295145652
2021,10,50-64 yr,0.5973272459219099
2021,10,65+ yr,0.3649486383668548
2021,11,0-4 yr,3.9938942829716586
2021,11,5-24 yr,1.2292751213963866
2021,11,25-49 yr,0.7555108486382417
2021,11,50-64 yr,0.6314844182891645
2021,11,65+ yr,0.3715423088700623
2021,12,0-4 yr,4.120048160220832
2021,12,5-24 yr,1.2093660765276986
2021,12,25-49 yr,0.7829743611201189
2021,12,50-64 yr,0.6783351478100662
2021,12,65+ yr,0.3535728316382208
2021,13,0-4 yr,4.45084990038574
2021,13,5-24 yr,1.2724823992036287
2021,13,25-49 yr,0.8343061358237077
2021,13,50-64 yr,0.6914991702009957
2021,13,65+ yr,0.3477001662913839
2021,14,0-4 yr,4.708452316721717
2021,14,5-24 yr,1.4119848772852965
2021,14,25-49 yr,0.9078706528370958
2021,14,50-64 yr,0.733045014098722
2021,14,65+ yr,0.3635622172293866
2021,15,0-4 yr,5.167212605357536
2021,15,5-24 yr,1.4284717118256436
2021,15,25-49 yr,0.9238115254461429
2021,15,50-64 yr,0.7446227660242217
2021,15,65+ yr,0.36307964845032564
2021,16,0-4 yr,5.657616021567494
2021,16,5-24 yr,1.5341828898758874
2021,16,25-49 yr,0.8738183950037065
2021,16,50-64 yr,0.6882653852115951
2021,16,65+ yr,0.40406165739312044
2021,17,0-4 yr,5.8593607305936075
2021,17,5-24 yr,1.5799144647628522
2021,17,25-49 yr,0.8640946868649904
2021,17,50-64 yr,0.6407908382797503
2021,17,65+ yr,0.3956978952732439
2021,18,0-4 yr,6.343148626233147
2021,18,5-24 yr,1.6156334951051516
2021,18,25-49 yr,0.8384410492024041
2021,18,50-64 yr,0.6000272739669985
2021,18,65+ yr,0.3575761191655231
2021,19,0-4 yr,6.7492373398413665
2021,19,5-24 yr,1.6854315642339064
2021,19,25-49 yr,0.8175965393809843
2021,19,50-64 yr,0.6101629401939085
2021,19,65+ yr,0.3670768276289939
2021,20,0-4 yr,7.084524999138555
2021,20,5-24 yr,1.577371861445415
2021,20,25-49 yr,0.7975243915979936
2021,20,50-64 yr,0.5405970071296127
2021,20,65+ yr,0.35387879651219456
2021,21,0-4 yr,6.800744280069834
2021,21,5-24 yr,1.5535882400124963
2021,21,25-49 yr,0.7345144124491336
2021,21,50-64 yr,0.5090468131139532
2021,21,65+ yr,0.317120810403345
2021,22,0-4 yr,7.292763308463405
2021,22,5-24 yr,1.593171242796832
2021,22,25-49 yr,0.7468063222645672
2021,22,50-64 yr,0.5324760814088749
2021,22,65+ yr,0.3570347725818747
2021,23,0-4 yr,6.9397338899034695
2021,23,5-24 yr,1.4712408549342146
2021,23,25-49 yr,0.6694849657636202
2021,23,50-64 yr,0.47441285010345785
2021,23,65+ yr,0.3289872260428638
2021,24,0-4 yr,7.174019498731247
2021,24,5-24 yr,1.4747140493489677
2021,24,25-49 yr,0.6749172474075631
2021,24,50-64 yr,0.47067851889748674
2021,24,65+ yr,0.32565961746981287
2021,25,0-4 yr,7.266803994447181
2021,25,5-24 yr,1.4765764409949906
2021,25,25-49 yr,0.6993694406483013
2021,25,50-64 yr,0.5311188330007569
2021,25,65+ yr,0.355415914611048
2021,26,0-4 yr,7.139558409570725
2021,26,5-24 yr,1.5250111136984272
2021,26,25-49 yr,0.7371402363198782
2021,26,50-64 yr,0.5453448932193313
2021,26,65+ yr,0.3611574602617019
2021,27,0-4 yr,7.218450585639834
2021,27,5-24 yr,1.6780735317892956
2021,27,25-49 yr,0.8774526338493874
2021,27,50-64 yr,0.6524172308050779
2021,27,65+ yr,0.4184387185674967
2021,28,0-4 yr,7.247592420006213
2021,28,5-24 yr,1.7815078919958336
2021,28,25-49 yr,1.055341452815163
2021,28,50-64 yr,0.7582869644749407
2021,28,65+ yr,0.4624453885002644
2021,29,0-4 yr,7.9165792706679055
2021,29,5-24 yr,2.0869998598283677
2021,29,25-49 yr,1.3576783074089764
2021,29,50-64 yr,0.9071780212799746
2021,29,65+ yr,0.5849706985425127
2021,30,0-4 yr,8.28791941793297
2021,30,5-24 yr,2.428206588641667
2021,30,25-49 yr,1.5356102177540534
2021,30,50-64 yr,1.1171012892919194
2021,30,65+ yr,0.6962078592572848
2021,31,0-4 yr,8.450387793775763
2021,31,5-24 yr,2.4882018614029193
2021,31,25-49 yr,1.7178401706515563
2021,31,50-64 yr,1.339775378103227
2021,31,65+ yr,0.7911837515472038
2021,32,0-4 yr,8.44736398186094
2021,32,5-24 yr,2.6356405931623748
2021,32,25-49 yr,1.8059736991358404
2021,32,50-64 yr,1.383363058489962
2021,32,65+ yr,0.8049309054065464
2021,33,0-4 yr,8.888141228625713
2021,33,5-24 yr,3.0750850671979517
2021,33,25-49 yr,1.7773233327722047
2021,33,50-64 yr,1.4552302687895908
2021,33,65+ yr,0.8206127530583522
2021,34,0-4 yr,8.906057037824176
2021,34,5-24 yr,3.3532295955004336
2021,34,25-49 yr,1.6924109018180147
2021,34,50-64 yr,1.3186891305893225
2021,34,65+ yr,0.8043217724221087
2021,35,0-4 yr,8.929496768642634
2021,35,5-24 yr,3.3071820171768627
2021,35,25-49 yr,1.6184339849295621
2021,35,50-64 yr,1.2169413960646907
2021,35,65+ yr,0.7556888834770544
2021,36,0-4 yr,8.84562347518346
2021,36,5-24 yr,3.221291878338004
2021,36,25-49 yr,1.56723650379916
2021,36,50-64 yr,1.2042190896515381
2021,36,65+ yr,0.7593941170142122
2021,37,0-4 yr,8.585183204065258
2021,37,5-24 yr,2.913259906452507
2021,37,25-49 yr,1.33152817433189
2021,37,50-64 yr,1.0354379359247619
2021,37,65+ yr,0.6604339677154096
2021,38,0-4 yr,8.382579130575568
2021,38,5-24 yr,2.8880642313210463
2021,38,25-49 yr,1.238637030086212
2021,38,50-64 yr,0.9389323620139772
2021,38,65+ yr,0.5869060564694631
2021,39,0-4 yr,8.220823735575811
2021,39,5-24 yr,2.7920983926758
2021,39,25-49 yr,1.116529333646634
2021,39,50-64 yr,0.8174018779977031
2021,39,65+ yr,0.5562115084768773
